name,link
University of Texas Health Science Center at Tyler,https://www.instagram.com/uttyler/
Kent State University at East Liverpool,https://instagram.com/KSU_CSDept
Northampton County Area Community College,https://www.instagram.com/northamptoncommcollege/
Bellevue University,https://instagram.com/bellevueuniversity/
Lebanon Valley College,https://www.instagram.com/lebanonvalleycollege/
Truett McConnell University,https://www.tmoutpost.org/
Goddard College,https://goddard.edu
Goddard College,https://www.goddard.edu/ferpa
Goddard College,https://www.goddard.edu/title-ix
Goddard College,https://www.goddard.edu/veterans
Ohio State University-Mansfield Campus,https://www.instagram.com/osumansfield/
Cleveland State Community College,http://cbbi.net
Landmark College,https://www.landmark.edu/academics/academic-records
Landmark College,https://www.landmark.edu/academics/semester-exchange
Landmark College,https://www.landmark.edu/#collapse-a15
Landmark College,https://www.landmark.edu/academics/academic-honors
Landmark College,https://www.landmark.edu/academics/academic-honors/academic-awards-2
Landmark College,https://www.landmark.edu/#collapse-a16
Landmark College,https://www.landmark.edu/academics/academic-speaker-series
Landmark College,https://www.landmark.edu/academics/academic-speaker-series/past-speakers
Landmark College,https://www.landmark.edu/academics/institutional-review-board
Landmark College,https://www.landmark.edu/#collapse-a18
Landmark College,https://www.landmark.edu/academics/writing-matters
Landmark College,https://www.landmark.edu/academics/writing-matters/wac-glossary
Landmark College,https://www.landmark.edu/academics/leap
Landmark College,https://www.landmark.edu/#
Landmark College,https://www.landmark.edu/#
Landmark College,https://www.landmark.edu/#collapse0018331
Landmark College,https://www.landmark.edu/#collapse0018332
Landmark College,https://www.landmark.edu/academics/leap
Landmark College,https://www.landmark.edu/research-training
Landmark College,https://www.landmark.edu/#collapse0018333
Landmark College,https://www.landmark.edu/#collapse0018334
Landmark College,https://www.landmark.edu/#collapse0018335
Landmark College,https://www.landmark.edu/#collapse0018336
Landmark College,https://www.landmark.edu/about/directory/kevin-keith
Landmark College,https://www.landmark.edu/mailto:kevinkeith@landmark.edu
Landmark College,https://www.landmark.edu/about/directory/john-vitale
Landmark College,"https://www.landmark.edu/javascript:void(location.href='mailto:'+String.fromCharCode(103,98,117,114,103,101,115,115,64,108,97,110,100,109,97,114,107,46,101,100,117))"
Landmark College,https://www.landmark.edu/admissions/apply-now
Landmark College,https://www.landmark.edu/academics
Landmark College,https://www.landmark.edu/academics/academic-life
Landmark College,https://www.landmark.edu/#collapse2
Landmark College,https://www.landmark.edu/academics/our-curriculum
Landmark College,https://www.landmark.edu/academics/our-curriculum/school-of-education
Landmark College,https://www.landmark.edu/academics/our-curriculum/school-of-education/core-education
Landmark College,https://www.landmark.edu/academics/our-curriculum/school-of-liberal-studies-the-arts
Landmark College,https://www.landmark.edu/academics/our-curriculum/school-of-liberal-studies-the-arts/liberal-studies
Landmark College,https://www.landmark.edu/academics/our-curriculum/school-of-liberal-studies-the-arts/fine-performing-arts
Landmark College,https://www.landmark.edu/academics/our-curriculum/school-of-professional-studies-science
Landmark College,https://www.landmark.edu/academics/our-curriculum/school-of-professional-studies-science/professional-studies
Landmark College,https://www.landmark.edu/academics/our-curriculum/school-of-professional-studies-science/natural-science
Landmark College,https://www.landmark.edu/#collapse3
Landmark College,https://www.landmark.edu/academics/degrees
Landmark College,https://www.landmark.edu/academics/degrees/bachelors-degrees
Landmark College,https://www.landmark.edu/academics/degrees/bachelors-degrees/ba-comel
Landmark College,https://www.landmark.edu/academics/degrees/bachelors-degrees/ba-in-liberal-studies
Landmark College,https://www.landmark.edu/academics/degrees/bachelors-degrees/b.a.-in-psychology
Landmark College,https://www.landmark.edu/academics/degrees/bachelors-degrees/b.a.-in-studio-art
Landmark College,https://www.landmark.edu/academics/degrees/bachelors-degrees/b.s.-in-computer-science
Landmark College,https://www.landmark.edu/academics/degrees/bachelors-degrees/b.s-in-life-science
Landmark College,https://www.landmark.edu/academics/degrees/bachelors-degrees/minors
Landmark College,https://www.landmark.edu/academics/degrees/associate-degrees
Landmark College,https://www.landmark.edu/academics/degrees/associate-degrees/a.a.-in-business-studies
Landmark College,https://www.landmark.edu/academics/degrees/associate-degrees/aa-general-studies
Landmark College,https://www.landmark.edu/academics/degrees/associate-degrees/a.a.-in-liberal-studies
Landmark College,https://www.landmark.edu/academics/degrees/associate-degrees/a.s.-in-computer-science
Landmark College,https://www.landmark.edu/academics/degrees/associate-degrees/a.s-in-life-sciences
Landmark College,https://www.landmark.edu/academics/degrees/associate-degrees/concentrations
Landmark College,https://www.landmark.edu/academics/honors-program
Landmark College,https://www.landmark.edu/academics/academic-calendar
Landmark College,https://www.landmark.edu/academics/bridge-semester
Landmark College,https://www.landmark.edu/#collapse7
Landmark College,https://www.landmark.edu/academics/online-programs
Landmark College,https://www.landmark.edu/academics/online-programs/college-start-at-lc-online
Landmark College,https://www.landmark.edu/academics/online-programs/programs-for-educators
Landmark College,https://www.landmark.edu/#collapse8
Landmark College,https://www.landmark.edu/academics/academic-support
Landmark College,https://www.landmark.edu/academics/academic-support/academic-advising
Landmark College,https://www.landmark.edu/academics/academic-support/centers-for-academic-support
Landmark College,https://www.landmark.edu/academics/academic-support/educational-technology
Landmark College,https://www.landmark.edu/academics/academic-support/executive-function
Landmark College,https://www.landmark.edu/academics/academic-support/academic-placement
Landmark College,https://www.landmark.edu/academics/academic-support/bay-area-success-center
Landmark College,https://www.landmark.edu/#collapse9
Landmark College,https://www.landmark.edu/academics/career-connections
Landmark College,https://www.landmark.edu/academics/career-connections/internships-and-employment
Landmark College,https://www.landmark.edu/academics/career-connections/resources-for-students
Landmark College,https://www.landmark.edu/academics/career-connections/for-employers
Landmark College,https://www.landmark.edu/academics/career-connections/transferring
Landmark College,https://www.landmark.edu/#collapse10
Landmark College,https://www.landmark.edu/academics/study-abroad
Landmark College,https://www.landmark.edu/academics/study-abroad/programs
Landmark College,https://www.landmark.edu/academics/study-abroad/why-study-abroad
Landmark College,https://www.landmark.edu/academics/study-abroad/health-safety-support
Landmark College,https://www.landmark.edu/academics/january-term
Landmark College,https://www.landmark.edu/#collapse12
Landmark College,https://www.landmark.edu/academics/summer-sessions
Landmark College,https://www.landmark.edu/academics/summer-sessions/course-offerings
Landmark College,https://www.landmark.edu/academics/academic-records
Landmark College,https://www.landmark.edu/academics/semester-exchange
Landmark College,https://www.landmark.edu/#collapse15
Landmark College,https://www.landmark.edu/academics/academic-honors
Landmark College,https://www.landmark.edu/academics/academic-honors/academic-awards-2
Landmark College,https://www.landmark.edu/#collapse16
Landmark College,https://www.landmark.edu/academics/academic-speaker-series
Landmark College,https://www.landmark.edu/academics/academic-speaker-series/past-speakers
Landmark College,https://www.landmark.edu/academics/institutional-review-board
Landmark College,https://www.landmark.edu/#collapse18
Landmark College,https://www.landmark.edu/academics/writing-matters
Landmark College,https://www.landmark.edu/academics/writing-matters/wac-glossary
Landmark College,https://www.landmark.edu/academics/leap
Landmark College,https://www.landmark.edu/admissions/visit/
Landmark College,https://www.landmark.edu/admissions/visit/
Landmark College,https://www.landmark.edu/admissions/visit/
Landmark College,https://www.landmark.edu/admissions/apply-now
Landmark College,https://www.landmark.edu/admissions/apply-now
Landmark College,https://www.landmark.edu/admissions/apply-now
Landmark College,https://www.landmark.edu/research-training
Landmark College,https://www.landmark.edu/research-training
Landmark College,https://www.landmark.edu/
Landmark College,https://www.landmark.edu/mailto:info@landmark.edu
Landmark College,https://www.landmark.edu/tel:8023874767
Landmark College,https://www.landmark.edu/about/directions-to-campus
Landmark College,https://www.landmark.edu/about/directory
Landmark College,https://www.landmark.edu/about/employment
Landmark College,https://www.landmark.edu/admissions/apply-now
Landmark College,https://www.landmark.edu/admissions/visit
Landmark College,https://www.landmark.edu/#
Landmark College,https://www.landmark.edu/admissions/tuition-and-financial-aid
Landmark College,https://www.landmark.edu/library
Landmark College,https://www.landmark.edu/summer
Landmark College,https://www.landmark.edu/giving
Landmark College,https://www.landmark.edu/about/directory
Landmark College,https://www.landmark.edu/student-life/student-media
Landmark College,https://www.landmark.edu/about
Landmark College,https://www.landmark.edu/about/contact-us
Landmark College,https://www.landmark.edu/about/privacy
Landmark College,https://www.landmark.edu/about/public-disclosure
Landmark College,https://www.landmark.edu/#wrapper
Pratt Community College,https://instagram.com/prattcc
Northeastern Junior College,"https://www.google.com/maps/place/360+Huntington+Ave,+Boston,+MA+02115/@42.339348,-71.0903674,17z/data=!3m1!4b1!4m5!3m4!1s0x89e37a185b1286ff:0x2c025c6d4b00cba2!8m2!3d42.339348!4d-71.0881734"
Central Connecticut State University,"https://www.google.com/maps/search/Central+Welcome+Center/@41.688223219703,-72.768065449607,18z"
California State University-Monterey Bay,https://www.instagram.com/csumb/
Huntington University of Health Sciences,"https://www.google.com/maps/place/Huntington+University/@40.8981925,-85.5013399,17z/data=!3m1!4b1!4m5!3m4!1s0x8815c996956bfe93:0xc7fca244b3dfe96d!8m2!3d40.8981885!4d-85.4991512"
Huntington University of Health Sciences,"https://www.google.com/maps/place/Huntington+University/@41.0921283,-85.107515,15z/data=!4m2!3m1!1s0x0:0x5c164b989ab94783?sa=X&ved=2ahUKEwj99Nr7z9TpAhUSU80KHWizBxIQ_BIwE3oECBQQCA"
Huntington University of Health Sciences,https://goo.gl/maps/j8porGnHd4mvHRHq6
Huntington University of Health Sciences,"https://www.google.com/maps/place/Huntington+University+Arizona+Center+for+Digital+Media+Arts/@33.62829,-112.2414376,17z/data=!3m1!4b1!4m5!3m4!1s0x872b428032eb7263:0x625debbff50e9b88!8m2!3d33.6282856!4d-112.2392489"
Huntington University of Health Sciences,"https://www.google.com/maps/place/40+E+Franklin+St+%23220,+Huntington,+IN+46750/@40.8816644,-85.4957794,17z/data=!3m1!4b1!4m5!3m4!1s0x8815c9c4bab0bcf3:0x117a2ac6a7b34a9!8m2!3d40.8816644!4d-85.4935854"""
Lane College,"https://www.google.com/maps/place/545+Lane+Ave,+Jackson,+TN+38301/@35.628751,-88.8086415,17z/data=!3m1!4b1!4m5!3m4!1s0x887ea0bf70858d79:0x6fb424e1cd5caffb!8m2!3d35.628751!4d-88.8064528"
Stanly Community College,https://goo.gl/maps/CygmZRsd9Z43858Q9
Highline College,"https://www.google.com/maps/place/Highline+College/@47.389071,-122.301517,17z/data=!3m1!4b1!4m2!3m1!1s0x54905bb45edda6c7:0x5e3caa78c5669bc5"
California Miramar University,"https://maps.google.com/maps?ll=34.162879,-118.090055&z=6&t=m&hl=en-US&gl=US&mapclient=apiv3"
California Miramar University,"https://www.google.com/maps/@34.1628792,-118.0900546,6z/data=!10m1!1e1!12b1?source=apiv3&rapsrc=apiv3"
California Miramar University,https://maps.app.goo.gl/PwfBhCewqTG87RSLA
California Miramar University,https://maps.app.goo.gl/7jST41dVhgx5tBXY7
California Miramar University,https://maps.app.goo.gl/S56wdfgdSffEaYsQ8
Virginia Peninsula Community College,https://goo.gl/maps/g2Uz5MHftDZG44rE7
Virginia Peninsula Community College,https://goo.gl/maps/mLSD79TveRdqAB5r9
Pacific Rim Christian University,https://www.pacrim.edu/academics
Pacific Rim Christian University,https://www.pacrim.edu/resources
Pacific Rim Christian University,https://www.pacrim.edu/giving
Pacific Rim Christian University,https://www.pacrim.edu/aboutus
Pacific Rim Christian University,https://www.pacrim.edu/admissions-1
Pacific Rim Christian University,https://www.pacrim.edu/request-information
Pacific Rim Christian University,https://www.pacrim.edu/online-student-concerns
Pacific Rim Christian University,https://www.pacrim.edu/anonymous-reporting-form
Pacific Rim Christian University,https://www.pacrim.edu/campus
Pacific Rim Christian University,https://www.pacrim.edu/giving
Pacific Rim Christian University,https://www.pacrim.edu/library
Pacific Rim Christian University,https://www.pacrim.edu/request-information
Pacific Rim Christian University,https://www.pacrim.edu/s/Untitled-document-38.pdf
Pacific Rim Christian University,https://www.pacrim.edu/s/Untitled-document-32.pdf
Pacific Rim Christian University,https://www.pacrim.edu/s/Untitled-document-27.pdf
Pacific Rim Christian University,https://www.pacrim.edu/s/Untitled-document-24-3h4f.pdf
Pacific Rim Christian University,https://www.pacrim.edu/s/Untitled-document-26.pdf
Pacific Rim Christian University,https://www.pacrim.edu/s/Untitled-document-28.pdf
Pacific Rim Christian University,https://www.pacrim.edu/s/Untitled-document-34.pdf
Pacific Rim Christian University,https://www.pacrim.edu/s/Dr-Mike-Dugal-or-Dr-Mike-as-the-students-like-to-call-him-is-a-retired-Army-Colonel-Chaplain-having-ahtk.pdf
Pacific Rim Christian University,https://www.pacrim.edu/s/Dr-Mike-Dugal-or-Dr-Mike-as-the-students-like-to-call-him-is-a-retired-Army-Colonel-Chaplain-having-2syb.pdf
Pacific Rim Christian University,https://www.pacrim.edu/s/AboutCam-bzlj.jpg
Pacific Rim Christian University,https://www.pacrim.edu/s/Mike-Dugal-2.png
Pacific Rim Christian University,https://www.pacrim.edu/s/AboutBrandonEdmonds.jpg
Stephen F Austin State University,https://goo.gl/maps/q6ZTL5pd4oz
Pacific Rim Christian University,https://www.pacrim.edu/s/Vance-Hartzell-Bio.png
Pacific Rim Christian University,https://www.pacrim.edu/s/AboutMarkHovland.jpg
Pacific Rim Christian University,https://www.pacrim.edu/s/AboutKen-hapg.jpg
Pacific Rim Christian University,https://www.pacrim.edu/s/Keith-About.jpg
Pacific Rim Christian University,https://www.pacrim.edu/s/AboutLynetteKim.jpg
Pacific Rim Christian University,https://www.pacrim.edu/s/McClellan-About.jpg
Pacific Rim Christian University,https://www.pacrim.edu/s/AboutGordonMiyamoto.jpg
Pacific Rim Christian University,https://www.pacrim.edu/s/AboutDanielPak.jpg
Pacific Rim Christian University,https://www.pacrim.edu/s/AboutMichael.jpg
Pacific Rim Christian University,https://www.pacrim.edu/s/Sanders-About.jpg
Pacific Rim Christian University,https://www.pacrim.edu/s/AboutVanita.jpg
Pacific Rim Christian University,https://www.pacrim.edu/s/AboutRick.jpg
Pacific Rim Christian University,https://www.pacrim.edu/s/AboutTyTamasaka-nakb.jpg
Pacific Rim Christian University,https://www.pacrim.edu/s/AboutMike-smmb.jpg
Pacific Rim Christian University,https://www.pacrim.edu/s/AboutLoriWaters.jpg
Pacific Rim Christian University,https://www.pacrim.edu/s/AboutNanetteWilliams.jpg
Pacific Rim Christian University,https://www.pacrim.edu/s/AboutEmmettWinters.jpg
Pacific Rim Christian University,https://www.pacrim.edu/#top
Pacific Rim Christian University,https://www.pacrim.edu/careers
Pacific Rim Christian University,https://www.pacrim.edu/campus
Pacific Rim Christian University,"https://www.google.com/maps/place/2223A+Hoonee+Pl,+Honolulu,+HI+96819/@21.3279686,-157.8905433,17z/data=!3m1!4b1!4m5!3m4!1s0x7c006e5960e459f7:0xc53965fce62d9c0f!8m2!3d21.3279686!4d-157.8883546?hl=en"
Pacific Rim Christian University,https://www.pacrim.edu/tel:+18085184791
Taft College,"https://www.google.com/maps/place/Taft+College/@35.1492833,-119.4600595,17z/data=!3m1!4b1!4m5!3m4!1s0x80ebcaf148707de7:0x29024c7fc29aa657!8m2!3d35.1492789!4d-119.4578655"
Taft College,"https://www.google.com/maps/place/Taft+College/@35.1492833,-119.4600595,17z/data=!3m1!4b1!4m5!3m4!1s0x80ebcaf148707de7:0x29024c7fc29aa657!8m2!3d35.1492789!4d-119.4578655"
Clarion University of Pennsylvania,"https://www.google.com/maps/place/909+E+Wood+St,+Clarion,+PA+16214/@41.2108797,-79.3794223,17z/data=!3m1!4b1!4m2!3m1!1s0x89ccccca95cc9d17:0x292a07243852113b"
Dunwoody College of Technology,"https://www.google.com/maps/place/818+Dunwoody+Boulevard+Minneapolis,+MN+55403"
Columbia College,http://goo.gl/maps/ZbFCz
Columbia State Community College,http://instagram.com/columbiastate
Bay Path University,https://www.google.com/maps/place/Bay+Path+University/
University of North Carolina at Charlotte,"https://www.google.com/maps/place/University+of+North+Carolina+at+Charlotte/@35.3070929,-80.735164,15z/data=!4m5!3m4!1s0x0:0x6b3f67f7f19324f3!8m2!3d35.3070929!4d-80.735164"
Hastings College,"https://www.google.com/maps/dir//Hastings+College,+710+Turner+Ave,+Hastings,+NE+68901/@40.5906746,-98.3767826,17z/data=!4m8!4m7!1m0!1m5!1m1!1s0x8799a395e780bc51:0x5e91ff89dc1e5ce1!2m2!1d-98.3745939!2d40.5906705"
St. Mary's College of Maryland,"https://www.google.com/maps/dir//St.+Mary's+College+of+Maryland,+47645+College+Drive,+Saint+Marys+City,+MD"
North Central Texas College,https://www.nctc.edu/give
North Central Texas College,https://www.nctc.edu/search-nctc
North Central Texas College,https://www.nctc.edu/degrees
North Central Texas College,https://www.nctc.edu/catalog/computer-science/bcis-1305
Richard Bland College,"https://www.google.com/maps/place/11301+Johnson+Rd,+Petersburg,+VA+23805/@37.1570126,-77.4030443,16z/data=!4m5!3m4!1s0x89b1a56aa19822ad:0x3044cae552a92481!8m2!3d37.1557431!4d-77.4000427?hl=en-US"
North Central Texas College,https://www.nctc.edu/catalog/computer-science/cosc-1437
North Central Texas College,https://www.nctc.edu/catalog/computer-science/cosc-2425
North Central Texas College,https://www.nctc.edu/catalog/computer-science/cosc-2436
North Central Texas College,https://www.nctc.edu/mailto:mtrevino@nctc.edu
Oral Roberts University,"https://www.google.com/maps/place/Oral+Roberts+University/@36.0513147,-95.9538831,17z/data=!3m1!4b1!4m5!3m4!1s0x87b693b80f5e0777:0xb6d334c69520f8c6!8m2!3d36.0513147!4d-95.9516891"
North Central Texas College,https://www.nctc.edu/campus-safety
Hamilton College,https://www.google.com/maps/place/?q=place_id:ChIJ515-9xlp2YkRlZiUeiygm3w
North Central Texas College,https://www.nctc.edu/community-resources
North Central Texas College,https://www.nctc.edu/faq
North Central Texas College,https://www.nctc.edu/helpful-forms
North Central Texas College,https://www.nctc.edu/hours
North Central Texas College,https://www.nctc.edu/s/2324-student-handbook-230621docx.pdf
North Central Texas College,https://www.nctc.edu/timelycare
North Central Texas College,https://www.nctc.edu/about-nctc
North Central Texas College,https://www.nctc.edu/board-of-regents
North Central Texas College,https://www.nctc.edu/policy
North Central Texas College,https://www.nctc.edu/finances
North Central Texas College,https://www.nctc.edu/s/utility-cost.pdf
North Central Texas College,https://www.nctc.edu/marketing
North Central Texas College,https://www.nctc.edu/sitemap
North Central Texas College,https://www.nctc.edu/tel:+19406687731
North Central Texas College,https://www.nctc.edu/sms:+19402510701
North Central Texas College,https://www.nctc.edu/hours
North Central Texas College,https://www.nctc.edu/campus/gainesville
North Central Texas College,"https://www.google.com/maps/place/1525+W+California+St,+Gainesville,+TX+76240/@33.616932,-97.1664895,17z/data=!3m1!4b1!4m6!3m5!1s0x864d00c69fd1c7b9:0x7e90563cd8c41768!8m2!3d33.616932!4d-97.1642955!16s%2Fg%2F11bw4bp36m"
Hamilton College,https://www.google.com/maps/place/?q=place_id:ChIJ515-9xlp2YkRlZiUeiygm3w
North Central Texas College,"https://www.google.com/maps/place/316+E+Hickory+St,+Denton,+TX+76201/@33.2138414,-97.1313175,17z/data=!3m1!4b1!4m6!3m5!1s0x864dca8c92e7e193:0x59b0ccef6746ff49!8m2!3d33.2138414!4d-97.1291235!16s%2Fg%2F11c60zw29n"
North Central Texas College,https://www.nctc.edu/campus/corinth
North Central Texas College,"https://www.google.com/maps/place/1500+N+Corinth+St,+Corinth,+TX+76208/@33.1566712,-97.0620795,17z/data=!3m1!4b1!4m6!3m5!1s0x864c3484da46fc3d:0x436f8298897b3206!8m2!3d33.1566712!4d-97.0598855!16s%2Fg%2F11bw4xt2w8"
North Central Texas College,"https://www.google.com/maps/place/1200+Parker+Square+Rd,+Flower+Mound,+TX+75028/@33.0375886,-97.0541869,17z/data=!3m1!4b1!4m6!3m5!1s0x864c2d7539fc50d7:0xe89d21ce7cf95e73!8m2!3d33.0375886!4d-97.0519929!16s%2Fg%2F11c5kyj7xr"
North Central Texas College,https://www.nctc.edu/campus/bowie
North Central Texas College,"https://www.google.com/maps/place/810+S+Mills+St,+Bowie,+TX+76230/@33.5475236,-97.8594749,17z/data=!3m1!4b1!4m6!3m5!1s0x865280a767369fcf:0xf8e12e26ac29295e!8m2!3d33.5475236!4d-97.8572809!16s%2Fg%2F11c3q4_swl"
North Central Texas College,https://www.nctc.edu/campus/graham
North Central Texas College,"https://www.google.com/maps/place/928+Cherry+St,+Graham,+TX+76450/@33.0975585,-98.590651,17z/data=!3m1!4b1!4m6!3m5!1s0x8653c99dfe87c32b:0x3f543538a1141a2d!8m2!3d33.0975585!4d-98.588457!16s%2Fg%2F11cplb6vqk"
North Central Texas College,https://www.nctc.edu/campus/alliance
North Central Texas College,"https://www.google.com/maps/search/Bldg+1,+Champions+Circle,+Suite+101,+3440+Hwy+114,+FT.+Worth,+TX+76177/@33.0189947,-97.2992312,15z/data=!3m1!4b1"
North Central Texas College,https://www.nctc.edu/computer-it
North Central Texas College,https://www.nctc.edu/degrees/computer-science-pathway
Academy of Art University,https://www.google.com/maps/dir//Academy+of+Art+94105
Southern University Law Center,https://goo.gl/maps/eed7fC9qUAG2
Middlebury Institute of International Studies at Monterey,https://player.vimeo.com/video/174244346
Middlebury Institute of International Studies at Monterey,https://player.vimeo.com/video/137509833
Bloomsburg University of Pennsylvania,https://lhufoundation.org/
Cowley County Community College,https://www.instagram.com/cowleycollege/
Butler University,"https://www.google.com/maps/place/Butler+University/@39.8405491,-86.1708927,15z/data=!4m5!3m4!1s0x0:0x3c5d32ecb2d453e!8m2!3d39.8405491!4d-86.1708927"
Centre College,https://www.centre.edu/after-centre/your-major-took-you-where/
Centre College,https://www.centre.edu/centre-success/
Cecil College,"https://www.google.com/maps/search/Cecil+College+1+Seahawk+Drive,+North+East/@39.6410155,-75.9565502,20z"
Centre College,https://www.centre.edu/centre-facts/presidents-welcome/
Misericordia University,"https://www.google.com/maps/dir//Misericordia+University,+301+Lake+Street,+Dallas,+PA+18612/"
Centre College,https://www.centre.edu/directory/?cn-s=&cn-cat=2
Centre College,https://www.centre.edu/how-to-get-here/
Centre College,https://www.centre.edu/norton-center/
Centre College,https://www.centre.edu/majors-minors/
Centre College,https://www.centre.edu/majors-minors/
Keck Graduate Institute,https://goo.gl/maps/hZa73Wdkt7S2
Misericordia University,"https://www.google.com/maps/dir//Misericordia+University,+301+Lake+Street,+Dallas,+PA+18612/"
Centre College,https://www.centre.edu/teach-at-centre/
Centre College,https://www.centre.edu/resources/
University of St Francis,https://goo.gl/maps/Rqb6vgekENPpujbr8
Bloomfield College,"https://www.google.com/maps/place/Bloomfield+College+of+Montclair+State+University/@40.7951998,-74.1974079,17z/data=!3m1!4b1!4m6!3m5!1s0x89c2553d53a99699:0x1a6262c882d2f0ca!8m2!3d40.7951958!4d-74.194833!16zL20vMDFyM3Ey?entry=ttu"
Southeastern Community College,"https://www.google.com/maps/place/Southeastern+Community+College/@34.3300515,-78.7834823,17z/data=!4m15!1m8!3m7!1s0x89aa8cda5b5e9627:0x29433c627f9147d8!2s4564+Chadbourn+Hwy,+Whiteville,+NC+28472!3b1!8m2!3d34.3300471!4d-78.7812883!16s%2Fg%2F11csnr0sc4!3m5!1s0x89aa8cdc9ffbaf05:0xbfefb0bd781e1ed9!8m2!3d34.3316593!4d-78.7822145!16s%2Fm%2F03nqbz1"
Centre College,https://www.centre.edu/opportunities/undergraduate-research/
Centre College,https://www.centre.edu/life-at-centre/
Centre College,https://www.centre.edu/life-at-centre/
Centre College,https://www.centre.edu/life-at-centre/academic-facilities/
Centre College,https://www.centre.edu/life-at-centre/clubs-organizations/
Centre College,https://www.centre.edu/apply/the-arts/
Centre College,https://www.centre.edu/life-at-centre/new-student-orientation/
Centre College,https://www.centre.edu/diversity-at-centre/
Centre College,https://www.centre.edu/diversity-at-centre/
Centre College,https://www.centre.edu/diversity-at-centre/diversity-resources-for-students/
Centre College,https://www.centre.edu/life-at-centre/service-at-centre/
Centre College,https://www.centre.edu/life-at-centre/service-at-centre/
Allen University,https://allenuniversity.edu/board-of-trustees
Centre College,https://www.centre.edu/bonner/
Centre College,https://www.centre.edu/apply/why-apply/
Allen University,https://allenuniversity.edu/title-ix
Centre College,https://www.centre.edu/apply/admission-requirements/
Centre College,https://www.centre.edu/offices/admission/
Allen University,https://allenuniversity.edu/registar
Centre College,https://www.centre.edu/how-to-get-here/
Centre College,https://www.centre.edu/life-at-centre/our-location/
Allen University,https://allenuniversity.edu/new-page-1
Centre College,https://www.centre.edu/value/
Centre College,https://www.centre.edu/aid/
Allen University,https://allenuniversity.edu/tuition-and-fees
Allen University,https://allenuniversity.edu/fa-overview
Allen University,https://allenuniversity.edu/s/23-Academic-Institutional-Calendar.pdf
Allen University,https://allenuniversity.edu/student-ambassador
Centre College,https://www.centre.edu/after-centre/
Centre College,https://www.centre.edu/after-centre/fellowships-scholarships/
Misericordia University,"https://www.google.com/maps/dir//Misericordia+University,+301+Lake+Street,+Dallas,+PA+18612/"
Allen University,https://allenuniversity.edu/student-activities
Centre College,https://www.centre.edu/outcomes/
Centre College,https://www.centre.edu/value/
Centre College,https://www.centre.edu/outcomes/
Centre College,https://www.centre.edu/after-centre/your-major-took-you-where/
Centre College,https://www.centre.edu/search-2/
Centre College,https://www.centre.edu/quick-links/
Allen University,https://allenuniversity.edu/arts-humanities
Defense Language Institute Foreign Language Center,https://www.parksatmonterey.com/
Allen University,https://allenuniversity.edu/dickersongreen-theological-seminary
Bloomsburg University of Pennsylvania,https://lhufoundation.org/
Allen University,https://allenuniversity.edu/library
Allen University,https://allenuniversity.edu/enrollment-management-faculty
Allen University,https://allenuniversity.edu/the-business-office
Allen University,https://allenuniversity.edu/institutional-advancement
Allen University,https://allenuniversity.edu/information-technology-services
Allen University,https://allenuniversity.edu/institutional-planning-assessment
Allen University,https://allenuniversity.edu/police-department
Allen University,https://allenuniversity.edu/giving
Allen University,https://allenuniversity.edu/general-alumni-association
Centre College,https://www.centre.edu/how-to-get-here/
Allen University,https://allenuniversity.edu/human-resources
Allen University,https://allenuniversity.edu/au-employment
Centre College,https://www.centre.edu/majors-minors/
Centre College,https://www.centre.edu/majors-minors/
Allen University,https://allenuniversity.edu/au-website-disclaimer
Centre College,https://www.centre.edu/majors-minors/
The University of Tennessee-Martin,"https://www.google.com/maps/dir/554+University+St,+Martin,+TN+38238//@36.342753,-88.8646167,17z/data=!4m8!4m7!1m5!1m1!1s0x887961550a2e9763:0x151ee8a7c543eae5!2m2!1d-88.862428!2d36.342753!1m0"
Centre College,https://www.centre.edu/majors-minors/
Allen University,https://allenuniversity.edu/au-athletics
Centre College,https://www.centre.edu/directory/?cn-s=&cn-cat=2
Centre College,https://www.centre.edu/teach-at-centre/
Centre College,https://www.centre.edu/teaching-excellence/
Allen University,https://allenuniversity.edu/home
Allen University,https://allenuniversity.edu/
Allen University,https://allenuniversity.edu/#
Centre College,https://www.centre.edu/resources/
Centre College,https://www.centre.edu/resources/
Allen University,https://allenuniversity.edu/mission-and-vision
Allen University,https://allenuniversity.edu/accreditation
Allen University,https://allenuniversity.edu/presidents-office
Allen University,https://allenuniversity.edu/senior-leadership
Allen University,https://allenuniversity.edu/s/The-Strategic-Plan-Now.pdf
Allen University,https://allenuniversity.edu/#
Centre College,https://www.centre.edu/opportunities/community-based-learning/
Centre College,https://www.centre.edu/study-abroad/
Allen University,https://allenuniversity.edu/academics
Allen University,https://allenuniversity.edu/office-of-academic-affairs
Allen University,https://allenuniversity.edu/adult-learner
Centre College,https://www.centre.edu/opportunities/undergraduate-research/
Allen University,https://allenuniversity.edu/registar
Centre College,https://www.centre.edu/life-at-centre/
Allen University,https://allenuniversity.edu/ordering-a-transcript
Centre College,https://www.centre.edu/life-at-centre/
Allen University,https://allenuniversity.edu/registar
Centre College,https://www.centre.edu/life-at-centre/
Centre College,https://www.centre.edu/life-at-centre/academic-facilities/
Allen University,https://allenuniversity.edu/qualityenhancementplan
Allen University,https://allenuniversity.edu/boeing-institute-on-civility
Hamline University,https://google.com/maps?q=1536%20Hewitt%20Avenue%2C%20MS-A1750%20East%20Hall%2C%20first%20floor%20Saint%20Paul%20MN%2055104%20US
Centre College,https://www.centre.edu/life-at-centre/our-location/
Hamline University,"https://www.google.com/maps/search/?api=1&query=Hamline+University,+Hewitt+Avenue,+Saint+Paul,+MN"
Centre College,https://www.centre.edu/offices/student-life/
Allen University,https://allenuniversity.edu/about-admissions
Allen University,https://allenuniversity.edu/after-acceptance
Allen University,https://allenuniversity.edu/tuition-and-fees
Allen University,https://allenuniversity.edu/s/23-Academic-Institutional-Calendar.pdf
Allen University,https://allenuniversity.edu/high-school-counselors
Centre College,https://www.centre.edu/greek-life/
Allen University,https://allenuniversity.edu/for-parents
Centre College,https://www.centre.edu/apply/the-arts/
Allen University,https://allenuniversity.edu/veterans-affairs
Allen University,https://allenuniversity.edu/frequently-asked-questions
Centre College,https://www.centre.edu/life-at-centre/new-student-orientation/
Allen University,https://allenuniversity.edu/#
Allen University,https://allenuniversity.edu/student-activities
Allen University,https://allenuniversity.edu/campus-resources
Allen University,https://allenuniversity.edu/counseling-and-placement
Centre College,https://www.centre.edu/diversity-at-centre/diversity-resources-for-students/
Allen University,https://allenuniversity.edu/campus-police
Centre College,https://www.centre.edu/life-at-centre/service-at-centre/
Centre College,https://www.centre.edu/life-at-centre/service-at-centre/
Centre College,https://www.centre.edu/bonner/
Allen University,https://allenuniversity.edu/academic-affairs
Allen University,https://allenuniversity.edu/arts-humanities
Allen University,https://allenuniversity.edu/business-education-and-social-sciences
Allen University,https://allenuniversity.edu/mathematics-and-natural-sciences
Allen University,https://allenuniversity.edu/dickersongreen-theological-seminary
Centre College,https://www.centre.edu/apply/why-apply/
Allen University,https://allenuniversity.edu/library
Allen University,https://allenuniversity.edu/enrollment-management-faculty
Allen University,https://allenuniversity.edu/the-business-office
Allen University,https://allenuniversity.edu/fiscal-affairs
Allen University,https://allenuniversity.edu/institutional-advancement
Allen University,https://allenuniversity.edu/information-technology-services
Allen University,https://allenuniversity.edu/institutional-planning-assessment
Allen University,https://allenuniversity.edu/athletics-2
Centre College,https://www.centre.edu/apply/admission-requirements/
Allen University,https://allenuniversity.edu/police-department
Allen University,https://allenuniversity.edu/operations
Allen University,https://allenuniversity.edu/#
Allen University,https://allenuniversity.edu/giving
Centre College,https://www.centre.edu/offices/admission/
Oglala Lakota College,https://goo.gl/maps/qDt3VvxYPqL2HimD6
Allen University,https://allenuniversity.edu/general-alumni-association
Allen University,https://allenuniversity.edu/alumni-history
Misericordia University,https://goo.gl/maps/Rb9buqjReKtVQEAX9
Allen University,https://allenuniversity.edu/keep-in-touch
Allen University,https://allenuniversity.edu/#
Allen University,https://allenuniversity.edu/human-resources
Allen University,https://allenuniversity.edu/au-employment
Allen University,https://allenuniversity.edu/au-website-disclaimer
Allen University,https://allenuniversity.edu/news-events
Centre College,https://www.centre.edu/value/
Allen University,https://allenuniversity.edu/enrollment-management
Allen University,https://allenuniversity.edu/focus-2
Allen University,https://allenuniversity.edu/student-consumer-information
Allen University,https://allenuniversity.edu/academics
Allen University,https://allenuniversity.edu/academics
Allen University,https://allenuniversity.edu/student-activities
Allen University,https://allenuniversity.edu/student-activities
Wofford College,https://goo.gl/maps/ZcEbCWedKPo
Allen University,https://allenuniversity.edu/boeing-institute-on-civility
Allen University,https://allenuniversity.edu/boeing-institute-on-civility
Misericordia University,https://goo.gl/maps/Rb9buqjReKtVQEAX9
Allen University,https://allenuniversity.edu/giving
Allen University,https://allenuniversity.edu/giving
Allen University,https://allenuniversity.edu/au-athletics
Allen University,https://allenuniversity.edu/contact-us
Oakton College,"https://www.google.com/maps/place/1600+E+Golf+Rd,+Des+Plaines,+IL+60016/data=!4m2!3m1!1s0x880fb786648d2975:0xcfab44d263587879?sa=X&ved=2ahUKEwijo_C997bsAhXpm-AKHR-9CY0Q8gEwAHoECAYQAQ"
Oakton College,"https://www.google.com/maps/place/7701+Lincoln+Ave,+Skokie,+IL+60077/data=!4m2!3m1!1s0x880fcf1c84844d3d:0x3643d1d64fb6cefc?sa=X&ved=2ahUKEwiu4sLg97bsAhVHh-AKHS4bCssQ8gEwAHoECAYQAQ"
Eureka College,https://maps.app.goo.gl/4rsqP1v8pY52fSja7
Canada College,https://goo.gl/maps/EF11JrEz1tN2
Eureka College,https://maps.app.goo.gl/VAttJpEEj4xUCV6e9
Taft University System,https://www.taft.edu/cart
Taft University System,https://www.taft.edu/board-of-advisors
Taft University System,https://www.taft.edu/news-blog
Taft University System,https://www.taft.edu/bachelor-of-science-in-business-administration-bsba-degree-completion
University of New Hampshire-Main Campus,https://www.instagram.com/uofnh
Taft University System,https://www.taft.edu/master-of-education-med
Taft University System,https://www.taft.edu/master-of-science-in-taxation-mst
Taft University System,https://www.taft.edu/master-of-laws-in-taxation-llm
Taft University System,https://www.taft.edu/doctor-of-education-edd
Taft University System,https://www.taft.edu/cost-admissions
Taft University System,https://www.taft.edu/international-applicants
Taft University System,https://www.taft.edu/students
Taft University System,https://www.taft.edu/course-materials
Taft University System,https://www.taft.edu/faculty
Taft University System,https://www.taft.edu/school-store
Taft University System,https://www.taft.edu/request-information
Taft University System,https://www.taft.edu/apply-now
Taft University System,https://www.taft.edu/
Taft University System,https://www.taft.edu/message-from-the-president
Taft University System,https://www.taft.edu/faqs
Taft University System,https://www.taft.edu/news-blog
Taft University System,https://www.taft.edu/contact-us
Taft University System,https://www.taft.edu/programs
Taft University System,https://www.taft.edu/independent-vs-directed-study
Taft University System,https://www.taft.edu/school-of-business
Taft University System,https://www.taft.edu/master-of-public-administration-mpa
Taft University System,https://www.taft.edu/education-specialist-eds
Taft University System,https://www.taft.edu/juris-doctor-executive-track-jdet
Taft University System,https://www.taft.edu/master-of-laws-in-taxation-llm
Taft University System,https://www.taft.edu/doctor-of-business-administration-dba
Taft University System,https://www.taft.edu/doctor-of-education-edd
Taft University System,https://www.taft.edu/cost-admissions
Taft University System,https://www.taft.edu/tuition-fees
Taft University System,https://www.taft.edu/payment-plans-financial-aid
Taft University System,https://www.taft.edu/scholarships
Taft University System,https://www.taft.edu/international-applicants
Taft University System,https://www.taft.edu/pay-fees
Taft University System,https://www.taft.edu/students
Taft University System,https://www.taft.edu/academic-calendar
Taft University System,https://www.taft.edu/academic-catalog
Taft University System,https://www.taft.edu/student-resources
Taft University System,https://www.taft.edu/course-materials
Taft University System,https://www.taft.edu/request-information
Taft University System,https://www.taft.edu/apply-now
Taft University System,https://www.taft.edu/programs
Taft University System,https://www.taft.edu/cost-admissions
Taft University System,https://www.taft.edu/students
University of North Texas at Dallas,"https://www.google.com/maps/place/University+of+North+Texas+Discovery+Park,+3940+N+Elm+St,+Denton,+TX+76207/@33.2539479,-97.1539"
Taft University System,https://www.taft.edu/taft-university-system
Taft University System,https://www.taft.edu/message-from-the-president
Iowa Central Community College,"https://www.google.com/maps/place/Iowa+Central+Community+College/@42.4903319,-94.2053109,17z/data=!4m13!1m7!3m6!1s0x87f277c4485f1461:0xe2d9111361a0b5d4!2s1+Triton+Cir,+Fort+Dodge,+IA+50501!3b1!8m2!3d42.4873339!4d-94.205694!3m4!1s0x87f277c63858a105:0x79129dbf294c0f8e!8m2!3d42.4903319!4d-94.2040095"
Taft University System,https://www.taft.edu/accreditation-and-affiliations
Taft University System,https://www.taft.edu/board-of-advisors
Taft University System,https://www.taft.edu/board-of-advisors
Iowa Central Community College,"https://www.google.com/maps/place/Iowa+Central+Community+College/@42.648501,-95.1931909,17z/data=!4m13!1m7!3m6!1s0x878d4f2209c4dbef:0x621f44d73b5a9e2!2s916+Russell+St,+Storm+Lake,+IA+50588!3b1!8m2!3d42.648501!4d-95.1910022!3m4!1s0x878d4f18a43ee451:0xdeb085b7dfe00cc7!8m2!3d42.6485009!4d-95.1910209"
Taft University System,https://www.taft.edu/faqs
University of North Texas at Dallas,"https://www.google.com/maps/place/University+of+North+Texas+Discovery+Park,+3940+N+Elm+St,+Denton,+TX+76207/@33.2539479,-97.1539"
Iowa Central Community College,"https://www.google.com/maps/place/Iowa+Central+Community+College/@42.4603365,-93.8395129,17z/data=!4m13!1m7!3m6!1s0x87edf8c5ac43fb41:0x608156a762a2e075!2s1725+Beach+St,+Webster+City,+IA+50595!3b1!8m2!3d42.4603365!4d-93.8373242!3m4!1s0x87edf8c58c34b763:0x8148117a24b9dc51!8m2!3d42.4609809!4d-93.8354681"
Taft University System,https://www.taft.edu/our-faculty
Taft University System,https://www.taft.edu/news-blog
Taft University System,https://www.taft.edu/contact-us
Taft University System,https://www.taft.edu/
Iowa Central Community College,"https://www.google.com/maps/place/Iowa+Central+East+Campus/@42.4958615,-94.1318899,17z/data=!4m13!1m7!3m6!1s0x87f27595416ad2a7:0x4e7dcc7f92be98b9!2s2031+Quail+Ave,+Fort+Dodge,+IA+50501!3b1!8m2!3d42.4958615!4d-94.1297012!3m4!1s0x87f2759562e28095:0xd2d6a872ac3f8291!8m2!3d42.4957376!4d-94.1301554"
Taft University System,https://www.taft.edu/independent-vs-directed-study
Taft University System,https://www.taft.edu/school-of-business
Taft University System,https://www.taft.edu/school-of-education
Iowa Central Community College,"https://www.google.com/maps/place/Greene+County+High+School/@42.0344052,-94.3897761,17z/data=!4m5!3m4!1s0x87eda7dda371f5c3:0x9c4eb72bb63c163d!8m2!3d42.0321044!4d-94.3858566"
Taft University System,https://www.taft.edu/school-of-government-and-law
Taft University System,https://www.taft.edu/bachelor-of-science-in-business-administration-bsba-degree-completion
Taft University System,https://www.taft.edu/master-of-business-administration-mba
Iowa Central Community College,"https://www.google.com/maps/place/Iowa+Central+Community+College/@42.6626788,-93.9035832,17z/data=!4m13!1m7!3m6!1s0x87f21a9f326be099:0xdc43ef0a9ebfcf3a!2s216+S+Park+Ave,+Eagle+Grove,+IA+50533!3b1!8m2!3d42.6626788!4d-93.9013945!3m4!1s0x87f21a9f326be09f:0x4a798afcea548b77!8m2!3d42.6626788!4d-93.9013945"
Taft University System,https://www.taft.edu/master-of-education-med
Taft University System,https://www.taft.edu/master-of-public-administration-mpa
Taft University System,https://www.taft.edu/master-of-science-in-taxation-mst
Iowa Central Community College,"https://www.google.com/maps/place/300+W+Garfield+St,+Laurens,+IA+50554/@42.8526957,-94.8534474,17z/data=!3m1!4b1!4m5!3m4!1s0x87f2c43340f9efef:0x9526025946697c0d!8m2!3d42.8526918!4d-94.8512534"
Taft University System,https://www.taft.edu/juris-doctor-executive-track-jdet
Iowa Central Community College,"https://www.google.com/maps/place/1106+S+32nd+St,+Fort+Dodge,+IA+50501/@42.4937415,-94.1515658,17z/data=!3m1!4b1!4m5!3m4!1s0x87f275e0503f38ff:0xe3ccd8b083852784!8m2!3d42.4937415!4d-94.1493771"
Taft University System,https://www.taft.edu/master-of-laws-in-taxation-llm
Taft University System,https://www.taft.edu/doctor-of-business-administration-dba
Taft University System,https://www.taft.edu/doctor-of-education-edd
Taft University System,https://www.taft.edu/
Taft University System,https://www.taft.edu/admissions
Taft University System,https://www.taft.edu/tuition-fees
Taft University System,https://www.taft.edu/payment-plans-financial-aid
Taft University System,https://www.taft.edu/scholarships
Taft University System,https://www.taft.edu/military-benefits
Taft University System,https://www.taft.edu/international-applicants
Taft University System,https://www.taft.edu/pay-fees
Taft University System,https://www.taft.edu/
Taft University System,https://www.taft.edu/academic-catalog
Taft University System,https://www.taft.edu/student-resources
Taft University System,https://www.taft.edu/course-materials
Taft University System,https://www.taft.edu/faculty
Taft University System,https://www.taft.edu/school-store
Taft University System,https://www.taft.edu/contact-us
Taft University System,https://www.taft.edu/board-of-advisors
Taft University System,https://www.taft.edu/our-faculty
Shippensburg University of Pennsylvania,"https://www.google.com/maps/place/Shippensburg+University/40.060906,-77.5214886,17z/data=!3m1!4b1!4m2!3m1!1s0x89c90c8c81068043:0x773c54d362b9f5c"
Sullivan County Community College,https://goo.gl/maps/TKJ2e3jkxSbY8dLWA
Taft University System,https://www.taft.edu/news-blog/2024-duthoy-scholarship-announcement-doctor-of-education
Taft University System,https://www.taft.edu/news-blog/2024-duthoy-scholarship-announcement-doctor-of-education
Taft University System,https://www.taft.edu/news-blog/tips-for-students-enrolled-in-online-learning
Sullivan County Community College,https://www.instagram.com/suny_sullivan/
Taft University System,https://www.taft.edu/news-blog/tips-for-students-enrolled-in-online-learning
Taft University System,https://www.taft.edu/academic-catalog
Taft University System,https://www.taft.edu/academic-calendar
Taft University System,https://www.taft.edu/taft-university-system
Taft University System,https://www.taft.edu/accessibility-disability-services
Taft University System,https://www.taft.edu/privacy-policy
Taft University System,https://www.taft.edu/careers-at-taft
Taft University System,https://www.taft.edu/tel:+13038671155
Taft University System,https://www.taft.edu/tel:+18778948238
Taft University System,https://www.taft.edu/school-of-business
Taft University System,https://www.taft.edu/school-of-government-and-law
Taft University System,https://www.taft.edu/school-of-education
Taft University System,https://www.taft.edu/bachelor-of-science-in-business-administration-bsba-degree-completion
Taft University System,https://www.taft.edu/master-of-business-administration-mba
Taft University System,https://www.taft.edu/master-of-education-med
Taft University System,https://www.taft.edu/master-of-laws-in-taxation-llm
Taft University System,https://www.taft.edu/master-of-public-administration-mpa
Taft University System,https://www.taft.edu/master-of-science-in-taxation-mst
Taft University System,https://www.taft.edu/juris-doctor-executive-track-jdet
Taft University System,https://www.taft.edu/education-specialist-eds
Taft University System,https://www.taft.edu/doctor-of-business-administration-dba
Taft University System,https://www.taft.edu/doctor-of-education-edd
Taft University System,https://www.taft.edu/independent-vs-directed-study
Taft University System,https://www.taft.edu/disclosures-consumer-guide/#studentsatisfaction
Taft University System,https://www.taft.edu/taft-university-system
Taft University System,https://www.taft.edu/accreditation-and-affiliations
Taft University System,https://www.taft.edu/message-from-the-president
Taft University System,https://www.taft.edu/board-of-advisors
Taft University System,https://www.taft.edu/our-faculty
Taft University System,https://www.taft.edu/faqs
Taft University System,https://www.taft.edu/news-blog
Taft University System,https://www.taft.edu/contact-us
Sullivan County Community College,https://goo.gl/maps/TKJ2e3jkxSbY8dLWA
Taft University System,https://www.taft.edu/admissions
Taft University System,https://www.taft.edu/military-benefits
Rochester Institute of Technology,https://certified.rit.edu
Taft University System,https://www.taft.edu/international-applicants
Taft University System,https://www.taft.edu/tuition-fees
Taft University System,https://www.taft.edu/payment-plans-financial-aid
Taft University System,https://www.taft.edu/scholarships
Taft University System,https://www.taft.edu/academic-calendar
Taft University System,https://www.taft.edu/school-store
Taft University System,https://www.taft.edu/academic-catalog
Taft University System,https://www.taft.edu/course-materials
Taft University System,https://www.taft.edu/student-resources
Chabot College,"https://www.google.com/maps/place/Chabot+College/@37.6404921,-122.1056913,17.78z/data=!4m5!3m4!1s0x808f914b037ff413:0x7e63f92d4f890bc5!8m2!3d37.6427231!4d-122.1062344?authuser=1"
Taft University System,https://www.taft.edu/our-faculty
Taft University System,https://www.taft.edu/pay-fees
Taft University System,https://www.taft.edu/contact-us
Taft University System,https://www.taft.edu/student-resources-teach-through
Taft University System,https://www.taft.edu/school-of-business
Taft University System,https://www.taft.edu/school-of-government-and-law
Taft University System,https://www.taft.edu/bachelor-of-science-in-business-administration-bsba-degree-completion
Taft University System,https://www.taft.edu/master-of-business-administration-mba
Taft University System,https://www.taft.edu/master-of-education-med
Taft University System,https://www.taft.edu/master-of-laws-in-taxation-llm
Taft University System,https://www.taft.edu/master-of-public-administration-mpa
Taft University System,https://www.taft.edu/master-of-science-in-taxation-mst
Taft University System,https://www.taft.edu/juris-doctor-executive-track-jdet
Taft University System,https://www.taft.edu/education-specialist-eds
Taft University System,https://www.taft.edu/doctor-of-business-administration-dba
Taft University System,https://www.taft.edu/doctor-of-education-edd
Taft University System,https://www.taft.edu/independent-vs-directed-study
Taft University System,https://www.taft.edu/disclosures-consumer-guide/#studentsatisfaction
Taft University System,https://www.taft.edu/taft-university-system
Taft University System,https://www.taft.edu/message-from-the-president
Taft University System,https://www.taft.edu/board-of-advisors
Taft University System,https://www.taft.edu/our-faculty
Taft University System,https://www.taft.edu/faqs
Taft University System,https://www.taft.edu/news-blog
Taft University System,https://www.taft.edu/contact-us
Taft University System,https://www.taft.edu/pay-fees
Taft University System,https://www.taft.edu/admissions
Taft University System,https://www.taft.edu/military-benefits
Taft University System,https://www.taft.edu/international-applicants
Taft University System,https://www.taft.edu/tuition-fees
Taft University System,https://www.taft.edu/payment-plans-financial-aid
Taft University System,https://www.taft.edu/scholarships
Taft University System,https://www.taft.edu/academic-calendar
Taft University System,https://www.taft.edu/school-store
Taft University System,https://www.taft.edu/academic-catalog
Taft University System,https://www.taft.edu/course-materials
Taft University System,https://www.taft.edu/student-resources
Taft University System,https://www.taft.edu/our-faculty
Sullivan County Community College,https://goo.gl/maps/TKJ2e3jkxSbY8dLWA
Taft University System,https://www.taft.edu/contact-us
Taft University System,https://www.taft.edu/student-resources-teach-through
Sullivan County Community College,https://www.instagram.com/suny_sullivan/
Sullivan County Community College,https://goo.gl/maps/TKJ2e3jkxSbY8dLWA
Missouri University of Science and Technology,"https://www.google.com/maps/place/Campus+Support+Facility,+1201+N+State+St,+Rolla,+MO+65401/@37.953449,-91.7777574,17z/data=!4m7!1m4!3m3!1s0x87da54c7cbeab9f5:0x8cd210c3b7759dc1!2sCampus+Support+Facility,+1201+N+State+St,+Rolla,+MO+65401!3b1!3m1!1s0x87da54c7cbeab9f5:0x8cd210c3b7759dc1"
Indian River State College,https://goo.gl/maps/WuVMjzffbGJ2
United States Naval War College,https://goo.gl/maps/SNTsupevh372
Sullivan County Community College,https://goo.gl/maps/TKJ2e3jkxSbY8dLWA
Universal Technical Institute-Auto Motorcycle & Marine Mechanics Institute Division-Orlando,https://maps.app.goo.gl/tqHkX5zmvEaGDEex6
Saint Joseph's College of Maine,https://goo.gl/maps/wBQU6vseozv
Sullivan County Community College,https://goo.gl/maps/TKJ2e3jkxSbY8dLWA
Saint Joseph's College of Maine,https://goo.gl/maps/aK9xHrdZAxEJRAX88
Sullivan County Community College,https://goo.gl/maps/TKJ2e3jkxSbY8dLWA
College of Marin,https://goo.gl/maps/a59H1
Remington College-Fort Worth Campus,https://goo.gl/maps/U58DPJf8Ef7WqtBk6
College of Marin,https://goo.gl/maps/yBkRc
Sullivan County Community College,https://goo.gl/maps/TKJ2e3jkxSbY8dLWA
San Joaquin Delta College,"https://www.google.com/maps/place/5151+Pacific+Ave,+Stockton,+CA+95207/@37.9950829,-121.3214786,17z/data=!3m1!4b1!4m5!3m4!1s0x80900c51dba9a763:0x270ced29bb78d63f!8m2!3d37.9950829!4d-121.3192899"
University of Wisconsin-Milwaukee Flex,http://instagram.com/uwmilwaukee
Sullivan County Community College,https://goo.gl/maps/TKJ2e3jkxSbY8dLWA
Central College,https://goo.gl/maps/osB126XAVZU2
American College of the Building Arts,https://acba.edu/
Sullivan County Community College,https://goo.gl/maps/TKJ2e3jkxSbY8dLWA
American College of the Building Arts,https://acba.edu/acbapress
American College of the Building Arts,https://acba.edu/faculty-and-staff-directory
American College of the Building Arts,https://acba.edu/about-charleston
American College of the Building Arts,https://acba.edu/specializations
American College of the Building Arts,https://acba.edu/s/2023-24-College-Catalog.pdf
Shenandoah University,"https://maps.google.com/?ie=UTF8&ll=39.165996,-78.158594&spn=0.006896,0.013937&t=h&z=17&source=embed/"
American College of the Building Arts,https://acba.edu/s/2024-2025-Academic-Calendardocx-6.pdf
Limestone University,https://goo.gl/maps/HgKHGbrkNoS2
Huntington University,"https://www.google.com/maps/place/Huntington+University/@40.8981925,-85.5013399,17z/data=!3m1!4b1!4m5!3m4!1s0x8815c996956bfe93:0xc7fca244b3dfe96d!8m2!3d40.8981885!4d-85.4991512"
American College of the Building Arts,https://acba.edu/accountability-and-transparency
Huntington University,"https://www.google.com/maps/place/Huntington+University/@41.0921283,-85.107515,15z/data=!4m2!3m1!1s0x0:0x5c164b989ab94783?sa=X&ved=2ahUKEwj99Nr7z9TpAhUSU80KHWizBxIQ_BIwE3oECBQQCA"
American College of the Building Arts,https://acba.edu/pressing-needs
American College of the Building Arts,https://acba.edu/naming-opportunties
American College of the Building Arts,https://acba.edu/planned-giving
American College of the Building Arts,https://acba.edu/recurring-gifts
Huntington University,https://goo.gl/maps/j8porGnHd4mvHRHq6
Huntington University,"https://www.google.com/maps/place/Huntington+University+Arizona+Center+for+Digital+Media+Arts/@33.62829,-112.2414376,17z/data=!3m1!4b1!4m5!3m4!1s0x872b428032eb7263:0x625debbff50e9b88!8m2!3d33.6282856!4d-112.2392489"
Huntington University,"https://www.google.com/maps/place/40+E+Franklin+St+%23220,+Huntington,+IN+46750/@40.8816644,-85.4957794,17z/data=!3m1!4b1!4m5!3m4!1s0x8815c9c4bab0bcf3:0x117a2ac6a7b34a9!8m2!3d40.8816644!4d-85.4935854"""
American College of the Building Arts,https://acba.edu/disability-services
American College of the Building Arts,https://acba.edu/news-information
American College of the Building Arts,https://acba.edu/videos-and-articles
American College of the Building Arts,https://acba.edu/visitors-and-public-faq-1
American College of the Building Arts,https://acba.edu/alumni
American College of the Building Arts,https://acba.edu/
American College of the Building Arts,https://acba.edu/about
American College of the Building Arts,https://acba.edu/menu
American College of the Building Arts,https://acba.edu/aboutacba
American College of the Building Arts,https://acba.edu/mission-and-vision
American College of the Building Arts,https://acba.edu/history-of-acba
American College of the Building Arts,https://acba.edu/acbapress
American College of the Building Arts,https://acba.edu/board-of-trustees
American College of the Building Arts,https://acba.edu/faculty-and-staff-directory
American College of the Building Arts,https://acba.edu/staff
American College of the Building Arts,https://acba.edu/admissions-2
American College of the Building Arts,https://acba.edu/admissions-faq
Saint Joseph's College of Maine,https://goo.gl/maps/wBQU6vseozv
American College of the Building Arts,https://acba.edu/veterans
American College of the Building Arts,https://acba.edu/about-charleston
American College of the Building Arts,https://acba.edu/academics
American College of the Building Arts,https://acba.edu/general-education
American College of the Building Arts,https://acba.edu/externships
American College of the Building Arts,https://acba.edu/s/2023-24-College-Catalog.pdf
American College of the Building Arts,https://acba.edu/library
American College of the Building Arts,https://acba.edu/office-of-the-registrar
American College of the Building Arts,https://acba.edu/s/2024-2025-Academic-Calendardocx-6.pdf
American College of the Building Arts,https://acba.edu/financial-aid
American College of the Building Arts,https://acba.edu/financial-aid-1
American College of the Building Arts,https://acba.edu/net-price-calculator
American College of the Building Arts,https://acba.edu/support-our-mission
Heidelberg University,https://www.instagram.com/heidelbergu/
American College of the Building Arts,https://acba.edu/accountability-and-transparency
American College of the Building Arts,https://acba.edu/pressing-needs
American College of the Building Arts,https://acba.edu/naming-opportunties
American College of the Building Arts,https://acba.edu/planned-giving
American College of the Building Arts,https://acba.edu/recurring-gifts
American College of the Building Arts,https://acba.edu/tax-exempt-letter
American College of the Building Arts,https://acba.edu/student-life-and-services
American College of the Building Arts,https://acba.edu/disability-services
American College of the Building Arts,https://acba.edu/student-guild
American College of the Building Arts,https://acba.edu/news-information-1
American College of the Building Arts,https://acba.edu/videos-and-articles
American College of the Building Arts,https://acba.edu/upcoming-news-events
American College of the Building Arts,https://acba.edu/visitors-and-public-faq-1
American College of the Building Arts,https://acba.edu/alumni
American College of the Building Arts,https://acba.edu/menu
American College of the Building Arts,https://acba.edu/about
American College of the Building Arts,https://acba.edu/academics
American College of the Building Arts,https://acba.edu/financial-aid
Vassar College,"https://www.google.com/maps/place/Vassar+College/@41.6869086,-73.8936575,16.16z/data=!4m5!3m4!1s0x0:0xe3c87d640882d54c!8m2!3d41.6866781!4d-73.8936812"
American College of the Building Arts,https://acba.edu/support-our-mission
American College of the Building Arts,https://acba.edu/student-life-and-services
American College of the Building Arts,https://acba.edu/news-information-1
The North Coast College,"https://www.google.com/maps/place/11724+Detroit+Ave,+Lakewood,+OH+44107/data=!4m2!3m1!1s0x8830f1f2f0fb7265:0x8d662cd9403fe97b?sa=X&ved=0ahUKEwiU3ZG08MXLAhWJaz4KHYaOAAEQ8gEIHDAA"
American College of the Building Arts,https://acba.edu/menu
American College of the Building Arts,https://acba.edu/
American College of the Building Arts,https://acba.edu/menu
American College of the Building Arts,https://acba.edu/aboutacba
American College of the Building Arts,https://acba.edu/mission-and-vision
Point University,https://goo.gl/maps/Kt4EmDhxHS62
American College of the Building Arts,https://acba.edu/acbapress
American College of the Building Arts,https://acba.edu/board-of-trustees
American College of the Building Arts,https://acba.edu/faculty-and-staff-directory
American College of the Building Arts,https://acba.edu/staff
American College of the Building Arts,https://acba.edu/connect-with-acba
American College of the Building Arts,https://acba.edu/
American College of the Building Arts,https://acba.edu/admissions
American College of the Building Arts,https://acba.edu/admissions-faq
American College of the Building Arts,https://acba.edu/veterans
American College of the Building Arts,https://acba.edu/open-house
American College of the Building Arts,https://acba.edu/about-charleston
American College of the Building Arts,https://acba.edu/arts-and-sciences
American College of the Building Arts,https://acba.edu/specializations
American College of the Building Arts,https://acba.edu/general-education
American College of the Building Arts,https://acba.edu/externships
American College of the Building Arts,https://acba.edu/s/2023-24-College-Catalog.pdf
American College of the Building Arts,https://acba.edu/library
American College of the Building Arts,https://acba.edu/office-of-the-registrar
American College of the Building Arts,https://acba.edu/s/2024-2025-Academic-Calendardocx-6.pdf
American College of the Building Arts,https://acba.edu/
American College of the Building Arts,https://acba.edu/financial-aid-1
American College of the Building Arts,https://acba.edu/types-of-financial-aid
American College of the Building Arts,https://acba.edu/types-of-loans
American College of the Building Arts,https://acba.edu/voter-registration
American College of the Building Arts,https://acba.edu/net-price-calculator
American College of the Building Arts,https://acba.edu/
American College of the Building Arts,https://acba.edu/institutional-advancement
American College of the Building Arts,https://acba.edu/accountability-and-transparency
American College of the Building Arts,https://acba.edu/pressing-needs
American College of the Building Arts,https://acba.edu/naming-opportunties
American College of the Building Arts,https://acba.edu/planned-giving
American College of the Building Arts,https://acba.edu/recurring-gifts
American College of the Building Arts,https://acba.edu/tax-exempt-letter
American College of the Building Arts,https://acba.edu/
American College of the Building Arts,https://acba.edu/student-life-and-services-1
American College of the Building Arts,https://acba.edu/disability-services
American College of the Building Arts,https://acba.edu/student-guild
American College of the Building Arts,https://acba.edu/
American College of the Building Arts,https://acba.edu/news-information
American College of the Building Arts,https://acba.edu/videos-and-articles
American College of the Building Arts,https://acba.edu/upcoming-news-events
American College of the Building Arts,https://acba.edu/acba-honors
American College of the Building Arts,https://acba.edu/alumni
American College of the Building Arts,https://acba.edu/general-education-core-courses
American College of the Building Arts,https://acba.edu/wood
American College of the Building Arts,https://acba.edu/architecture
American College of the Building Arts,https://acba.edu/plaster
American College of the Building Arts,https://acba.edu/timber-framing
American College of the Building Arts,https://acba.edu/general-education-core-courses
American College of the Building Arts,https://acba.edu/externships
American College of the Building Arts,https://acba.edu/general-education-core-courses
American College of the Building Arts,https://acba.edu/externships
American College of the Building Arts,https://acba.edu/specializations
American College of the Building Arts,https://acba.edu/general-education-core-courses
American College of the Building Arts,https://acba.edu/admissions-2
American College of the Building Arts,https://acba.edu/office-of-the-registrar
American College of the Building Arts,https://acba.edu/externships
American College of the Building Arts,https://acba.edu/tel:843-577-5245
American College of the Building Arts,https://acba.edu/mailto:admissions@acba.edu?subject=Website%20inquiry
American College of the Building Arts,https://acba.edu/mailto:alex@alexandramalloy.com
American College of the Building Arts,https://acba.edu/mailto:brackc@acba.edu
American College of the Building Arts,https://acba.edu/mailto:info@acba.edu
Santiago Canyon College,https://sccollegefoundation.org
Claremont McKenna College,https://www.gouldcenter.org
Abraham Baldwin Agricultural College,https://goo.gl/maps/CKbTP78sB3MbcUgBA
Life Pacific University,https://virginia.lifepacific.edu/
Berkshire Community College,"https://www.google.com/maps/dir//1350+West+Street,+Pittsfield,+MA+01201/@42.4580569,-73.3190779,17z/data=!4m8!4m7!1m0!1m5!1m1!1s0x89e751a305e16d5d:0x567b42e0ccf042a9!2m2!1d-73.3168892!2d42.458053?hl=en-US"
Herzing University-Madison,https://recruiting2.ultipro.com/HER1009HRZ/JobBoard/267d2e37-abff-4559-8a18-a754503d3749
Pine Manor College,https://instagram.com/manorcollege/
Northeastern University Lifelong Learning Network,"https://www.google.com/maps/place/360+Huntington+Ave,+Boston,+MA+02115/@42.339348,-71.0903674,17z/data=!3m1!4b1!4m5!3m4!1s0x89e37a185b1286ff:0x2c025c6d4b00cba2!8m2!3d42.339348!4d-71.0881734"
Cornerstone University,https://goo.gl/maps/1axw7YEfpkofi1Dr7
Copper Mountain Community College,https://www.instagram.com/coppermountaincollegeofficial/
Cornerstone University,https://goo.gl/maps/bceii566snJbagkA7
Cornerstone University,https://goo.gl/maps/hrbgKexGEeam7x7AA
Claremont McKenna College,https://www.cmckeckcenter.org/
Fond du Lac Tribal and Community College,"https://www.google.com/maps/place/Fond+du+Lac+Tribal+and+Community+College/@46.689709,-92.4538177,17z/data=!3m1!4b1!4m5!3m4!1s0x52ae2e2fac9383e7:0x78171f44e721347f!8m2!3d46.6897053!4d-92.451629"
Fond du Lac Tribal and Community College,"https://www.google.com/maps/place/Fond+du+Lac+Tribal+and+Community+College/@46.689709,-92.4538177,17z/data=!3m1!4b1!4m5!3m4!1s0x52ae2e2fac9383e7:0x78171f44e721347f!8m2!3d46.6897053!4d-92.451629"
Ashland University,https://goo.gl/maps/S9Kjv4rKxNF7awvp7
Millersville University of Pennsylvania,"https://www.google.com/maps/place/Millersville+University/@39.9976889,-76.3544283,15z/data=!4m2!3m1!1s0x0:0xcf3fc3f4d01e9292?sa=X&ved=0ahUKEwjK0KLQ3_rWAhVpjlQKHS7aBmQQ_BIIhgEwDw"
California State University-Fresno,https://goo.gl/maps/rpF6yhbuxBvtQr9C8
Stratford University,https://instagram.com/stratford_school_academy
California Institute of Advanced Management,"https://www.google.com/maps/place/California+Institute+of+Advanced+Management+(CiAM)/@34.082451,-118.1505196,15z/data=!4m2!3m1!1s0x0:0x76f8daeddff950b0?sa=X&ved=2ahUKEwjslcqlsLTzAhXEoFsKHcHJBdEQ_BJ6BAhqEAU"
East Central College,"https://www.google.com/maps/place/East+Central+College/@38.4317925,-90.9782362,15z/data=!4m2!3m1!1s0x0:0xcb253b08b39480e6?sa=X&ved=2ahUKEwjA3-OKiebpAhXGZs0KHZxyCBUQ_BIwDXoECBEQCQ"
High Point University,https://goo.gl/maps/Kt4EmDhxHS62
Hartwick College,"https://www.google.com/maps/place/Hartwick+College/@42.4586674,-75.0740401,17z/data=!3m1!4b1!4m5!3m4!1s0x89db8c7b15555645:0xc867830cb11d4f00!8m2!3d42.4586674!4d-75.0718461"
Concordia University-Chicago,https://www.google.com/maps/search/?api=1&query=Concordia+University+7400+Augusta+St.+River+Forest%2c+IL+60305
Herzing University-New Orleans,https://recruiting2.ultipro.com/HER1009HRZ/JobBoard/267d2e37-abff-4559-8a18-a754503d3749
Midwestern State University,https://goo.gl/maps/bRks4xz17tF2
Midwestern State University,https://goo.gl/maps/apQfUKWZWnC2
Learnet Academy Inc,https://learnet.edu/about
Central Michigan University,"https://www.google.com/maps/place/1200+S+Franklin+St,+Mt+Pleasant,+MI+48858/@43.59301,-84.7768876,17z/data=!3m1!4b1!4m5!3m4!1s0x882204aac5c61935:0x751aba4b64bc8ebb!8m2!3d43.59301!4d-84.7746989"
Mississippi Delta Community College,"https://www.google.com/maps/dir/''/MS-3+%26+E+Cherry+St,+Moorhead,+MS+38761/data=!4m5!4m4!1m0!1m2!1m1!1s0x862a49dda77bca03:0xe505e7b897b260b6?sa=X&ved=0ahUKEwjy3r_aiufZAhUJ5oMKHfjzATIQwwUIKDAA"
Schoolcraft College,"https://www.google.com/maps/dir//18600+Haggerty+Rd,+Livonia,+MI+48152/data=!4m6!4m5!1m1!4e2!1m2!1m1!1s0x8824ad8b96d872f7:0x21c51e2e3ace5d8d?sa=X&ved=2ahUKEwir1_Tt0PD2AhXXVs0KHZHOAPQQwwV6BAgXEAM"
Learnet Academy Inc,https://learnet.edu/admissions
Learnet Academy Inc,https://learnet.edu/contact
Learnet Academy Inc,https://learnet.edu/student-admissions
Learnet Academy Inc,https://learnet.edu/#accreditations
Learnet Academy Inc,https://learnet.edu/tel:2133874242
Learnet Academy Inc,https://learnet.edu/mailto:operations@learnet.edu
Learnet Academy Inc,http://tszchan.com
Walla Walla University,https://www.payforwwu.com/?utm_source=WWU%20Website&utm_medium=Admissions%20Bar&utm_campaign=Pay%20For%20WWU
Santa Barbara City College,https://www.instagram.com/sbccofficial/
Laurel Ridge Community College,https://www.nvdaily.com/news/local-news/2017/07/hold-for-photo-lord-fairfax-professor-attends-nasa-workshop/
Rochester Community and Technical College,"https://www.google.com/maps/place/851+30th+Ave+SE,+Rochester,+MN+55904/@44.0145883,-92.4267833,18z/data=!4m8!1m2!2m1!1s851+30th+Ave+SE,+Rochester,+MN+55904-4999!3m4!1s0x87f9e197c4508ded:0x414fc409c1738eb0!8m2!3d44.013932!4d-92.4228726"
Dutchess Community College,"https://www.google.com/maps/place/Dutchess+Community+College/@41.7222218,-73.9089783,17z/data=!3m1!4b1!4m5!3m4!1s0x89dd15896d6fb8c1:0xe4aaf443874b631d!8m2!3d41.7222178!4d-73.9067896"
Champlain College,https://www.google.com/maps/dir/Champlain+College/
Community Christian College,https://www.cccollege.edu/contribute
Community Christian College,https://www.cccollege.edu/accreditation
Community Christian College,https://www.cccollege.edu/academic-catalog
Suffolk University,https://goo.gl/maps/2FDom7g5xqp
Community Christian College,https://www.cccollege.edu/personnel-campus-and-cybersecurity-plans
Suffolk University,https://goo.gl/maps/2FDom7g5xqp
Community Christian College,https://www.cccollege.edu/artificial-intelligence
Community Christian College,https://www.cccollege.edu/drug-and-alcohol-policy
Community Christian College,https://www.cccollege.edu/presidents-letter-annual-reports
Community Christian College,https://www.cccollege.edu/administration
Community Christian College,https://www.cccollege.edu/harris-lidstrand
Community Christian College,https://www.cccollege.edu/american-recovery-act-grant-heeerf-ii-and-heerf-iii
Community Christian College,https://www.cccollege.edu/covid19-resources-and-information
Community Christian College,https://www.cccollege.edu/apply-now
Community Christian College,https://www.cccollege.edu/location
Community Christian College,https://www.cccollege.edu/contact-2
Community Christian College,https://www.cccollege.edu/financial-aid
Community Christian College,https://www.cccollege.edu/financial-aid-net-price-calculator
Community Christian College,https://www.cccollege.edu/paying-for-college
Community Christian College,https://www.cccollege.edu/fa-policies-procedures
Community Christian College,https://www.cccollege.edu/attending-ccc
Community Christian College,https://www.cccollege.edu/life-at-ccc
Community Christian College,https://www.cccollege.edu/amazing-alumni
Community Christian College,https://www.cccollege.edu/new-government-freedom-of-speech-hotline
Community Christian College,https://www.cccollege.edu/aa-in-bible-and-theology
Community Christian College,https://www.cccollege.edu/a-s-business-admin
Community Christian College,https://www.cccollege.edu/construction-elective-emphasis
Community Christian College,https://www.cccollege.edu/certificate-in-early-childhood-education
Community Christian College,https://www.cccollege.edu/music-elective-emphasis
Community Christian College,https://www.cccollege.edu/q-a
Community Christian College,https://www.cccollege.edu/spm
Piedmont Community College,"https://www.google.com/maps/place/Piedmont+Community+College/@36.4318463,-78.9826227,17z"
Community Christian College,https://www.cccollege.edu/commercial-training
Community Christian College,https://www.cccollege.edu/contact-hour-calculation
Community Christian College,https://www.cccollege.edu/faculty
Piedmont Community College,"https://www.google.com/maps/place/Piedmont+Community+College/@36.4005405,-79.3280936,17z"
Community Christian College,https://www.cccollege.edu/xcas
Community Christian College,https://www.cccollege.edu/library
Community Christian College,https://www.cccollege.edu/studenthandbook
Community Christian College,https://www.cccollege.edu/student-services
Community Christian College,https://www.cccollege.edu/community
Community Christian College,https://www.cccollege.edu/graduation
Community Christian College,https://www.cccollege.edu/course-offering
Community Christian College,https://www.cccollege.edu/course-calendar-and-dates
Community Christian College,https://www.cccollege.edu/math-comprehensive
Community Christian College,https://www.cccollege.edu/privacy-policy
Community Christian College,https://www.cccollege.edu/sport-fees
Community Christian College,https://www.cccollege.edu/southeastern-sport-programs
Community Christian College,https://www.cccollege.edu/music
Community Christian College,https://www.cccollege.edu/coachtraining
Community Christian College,https://www.cccollege.edu/
Community Christian College,https://www.cccollege.edu/
Community Christian College,https://www.cccollege.edu/events
Community Christian College,https://www.cccollege.edu/contribute
Community Christian College,https://www.cccollege.edu/accreditation
Community Christian College,https://www.cccollege.edu/mission
Community Christian College,https://www.cccollege.edu/audited-financials-and-990
Community Christian College,https://www.cccollege.edu/equality-act-equality-act-equity-in-athletics-disclosure-act
Community Christian College,https://www.cccollege.edu/artificial-intelligence
Community Christian College,https://www.cccollege.edu/drug-and-alcohol-policy
Community Christian College,https://www.cccollege.edu/new-page
Community Christian College,https://www.cccollege.edu/titleix
Community Christian College,https://www.cccollege.edu/presidents-letter-annual-reports
Community Christian College,https://www.cccollege.edu/american-recovery-act-grant-heeerf-ii-and-heerf-iii
Community Christian College,https://www.cccollege.edu/covid-19-update
Community Christian College,https://www.cccollege.edu/covid19-resources-and-information
Community Christian College,https://www.cccollege.edu/cares-act-grant-heerf
Community Christian College,https://www.cccollege.edu/apply-now
Community Christian College,https://www.cccollege.edu/location
Community Christian College,https://www.cccollege.edu/financial-aid
Community Christian College,https://www.cccollege.edu/student-policies
Community Christian College,https://www.cccollege.edu/financial-aid-net-price-calculator
Community Christian College,https://www.cccollege.edu/paying-for-college
Community Christian College,https://www.cccollege.edu/fa-policies-procedures
Community Christian College,https://www.cccollege.edu/cbuccc-fast-track
Community Christian College,https://www.cccollege.edu/life-at-ccc
Southern University at New Orleans,"https://www.google.com/maps/place/6400+Press+Dr,+New+Orleans,+LA+70126/data=!4m2!3m1!1s0x8620a90304ab6465:0xeda3fb79c1085f61?sa=X&ved=2ahUKEwiV_oDpr5D7AhVhk2oFHfAFBYoQ8gF6BAgREAE"
Community Christian College,https://www.cccollege.edu/student-employment
Walla Walla University,https://www.payforwwu.com/?utm_source=WWU%20Website&utm_medium=Admissions%20Bar&utm_campaign=Pay%20For%20WWU
Community Christian College,https://www.cccollege.edu/amazing-alumni
Community Christian College,https://www.cccollege.edu/new-government-freedom-of-speech-hotline
Community Christian College,https://www.cccollege.edu/aa-in-liberal-arts
Community Christian College,https://www.cccollege.edu/aa-in-bible-and-theology
Welch College,https://www.axate.com/privacy-policy
Welch College,https://www.axate.com/privacy-policy
Community Christian College,https://www.cccollege.edu/certificate-in-early-childhood-education
Community Christian College,https://www.cccollege.edu/faculty
Community Christian College,https://www.cccollege.edu/library
Community Christian College,https://www.cccollege.edu/studenthandbook
Community Christian College,https://www.cccollege.edu/student-services
Community Christian College,https://www.cccollege.edu/community
Community Christian College,https://www.cccollege.edu/student-courses-login
Community Christian College,https://www.cccollege.edu/graduation
Community Christian College,https://www.cccollege.edu/course-calendar-and-dates
Community Christian College,https://www.cccollege.edu/student-government
Brigham Young University,https://goo.gl/maps/CnjdBe74jKiNKzAQ6
Community Christian College,https://www.cccollege.edu/math-comprehensive
Community Christian College,https://www.cccollege.edu/privacy-policy
Community Christian College,https://www.cccollege.edu/michigan-njcaa-program
Community Christian College,https://www.cccollege.edu/music
Community Christian College,https://www.cccollege.edu/s/Jacksonville-Community-Christian-College-Athletes-Triumph-press-release.docx
Walla Walla University,https://www.wwuchurch.com
Walla Walla University,https://wwutheexpress.com
Granite State College,https://adnuntius.com/resources/privacy-policy/
Granite State College,https://adnuntius.com/resources/privacy-policy/
Niagara County Community College,https://goo.gl/maps/YdU5rJVVGdqvoa1N7
Welch College,https://www.awin.com/gb/privacy
Welch College,https://www.awin.com/gb/privacy
Stratford University,https://goo.gl/maps/EZte1JknooTpHhXe9
Spartanburg Community College,https://goo.gl/maps/uMciFX2vfB8CagZaA
Stratford University,https://goo.gl/maps/dWsG8YKkDoHsLVGP8
Granite State College,https://www.awin.com/gb/privacy
Granite State College,https://www.awin.com/gb/privacy
Eastern Virginia Medical School,https://instagram.com/EVMSedu
Florida Gulf Coast University,https://goo.gl/maps/J9tByRkQ47ys683h7
Southwestern Law School,https://goo.gl/maps/oKYyb2mtGcp
Colorado College,https://instagram.com/coloradocollege/
